title,price,rating
EKLENTSON Men's Military Jacket Tactical Warm Fleece Winter Coat Windbreaker Thick Lapel Collar Combat Casual Cargo Jacket,20.99,4.4
Crosshatch Mens Althorpe’ Quilted Padded Hood Jacket Fleece Lined Winter Coat.,,4.5
"Mountain Warehouse Season Mens Padded Jacket - Water Resistant Jacket, Lightweight, Warm, Lab Tested to -30C, Microfibre Filler - For Winter Travelling, Walking",,4.4
Regatta Professional Mens Dover Fleece Lined Bomber Jacket - Black - S,26.50,
Levi's Men's Type 3 Sherpa Trucker Jacket,,4.6
JACK & JONES Men's Jjerush Bomber Noos Jacket,,4.3
Levi's Men's The Trucker Jacket,,4.5
JACK & JONES Men's Jacket Biker Multi Pockets Long Sleeve Outdoor,19.99,4.3
"Brandit Summer Windbreaker,Rain Jacket,Jacket,Training Jacket, Size S TO 5XL",,4.4
Brandit Men's Jacket M-65 Giant,27.95,4.3
Amazon Essentials Men's Lightweight Water-Resistant Packable Hooded Puffer Jacket,,4.2
YOUTHUP Mens Summer Bomber Jackets Casual Lightweight Windbreaker Sports Jacket Cargo Outwear,26.99,4.2
Amazon Essentials Men's Packable Lightweight Water-Resistant Puffer Jacket (Available in Big & Tall),36.00,4.3
Amazon Essentials Men's Lightweight Water-Resistant Packable Hooded Puffer Jacket,,4.2
Amazon Essentials Men's Long-Sleeve Polar Fleece Shirt Jacket,,4.5
Amazon Essentials Men's Water-Resistant Softshell Jacket,,4.4
AOTORR Men’s Fleece Hoodie Pullover Casual Hooded Sweatshirt Contrast Color Top with Kanga Pocket,,4.3
Calvin Klein Mens CK Hybrid Insulate Lightweight Golf Jacket,44.95,4.5
KEFITEVD Winter Fleece Cargo Jackets for Men Warm Thick Military Bomber Jacket Multi Pocekt Windproof Work Coat,61.98,4.3
"Mountain Warehouse Fell Mens 3 in 1 Water Resistant Jacket - Adjustable Coat with Packaway Hood, Detachable Inner Fleece & Many Pockets - For Winter, Hiking & Outdoors",36.00,4.3
Calvin Klein Mens San Gabriel Woven Jacquard Padded Jacket,36.00,4.4
HOOD CREW Men’s PU Faux Leather Motorcycle Bomber Jacket With a Removable Hood,24.99,4.2
AOTORR Men's Hoodies Full Zip Fleece Jacket Coat Winter Warm Oversized Zip Up Hooded Top with Pockets,,4.5
Helly Hansen Men's Crew Insulator Jacket Jacket (pack of 1),,4.6
EKLENTSON Mens Fleece Lined Jackets Casual Winter Cargo Military Cotton Coat Thicken Outdoor Hiking Mountain Windbreaker Jacket with Multi Pocket,61.98,4.3
TACVASEN Men's Waterproof Fleece Mountain Jacket Windproof Warm Ski Jacket Multi-Pockets,16.89,4.5
"Peter Storm Men's Blisco II Insulated Jacket with Hood and 2 Pockets, Water Repellent and Lightweight Men's Jacket",,4.4
Trespass Clip Mens Heavyweight Winter Padded Jacket with Hood,19.29,4.6
TACVASEN Men's Lightweight Jacket Thin Sportwear Bomber Jacket Windbreaker Coat,42.98,4.2
Regatta Men's Professional Darby Iii Waterproof Insulated Parka Jacket With Concealed Hood Jacket,,4.1
JACK & JONES Mens JJE Hero Minimalist Puffer Hood Lightweight Jacket,,4.2
Tommy Jeans Men TJM Essential Down-Filled Jacket Winter,,4.4
"Fort - Selkirk Softshell Jacket - Grey, Navy or Black Jacket - Fleece Jacket Mens - Mens Fleece - Mens Fleece Jackets - Workwear - Comfortable Work Jacket - Softshell Jackets for Men",,4.4
Berghaus Men's Hillwalker Interactive Gore-Tex Waterproof Jacket,,4.6
Crosshatch New Mens Full Zip Warm Jacket Padded Double Layer Button Winter Coat,19.99,4.4
TACVASEN Windproof Men's Military Fleece Combat Jacket Tactical Hoodies,12.99,4.3
KEFITEVD Men Jackets Bomber Cargo Jackets Military Jacket Winter Coat Cotton Windbreaker Casual Outwear Coat,51.98,4.4
MakingDa Men's Waterproof Jacket Hooded Windbreaker Casual Outdoor Windproof Comfy Hoodies Coat with Zip Pockets,,4.0
Levi's Men's Type 3 Sherpa Trucker Jacket,,4.6
KEFITEVD Men's Waterproof Fleece Jackets Winter Warm Ski Raincoats Outdoor Thermal Coats with Detachable Hood,61.98,4.5
THE NORTH FACE Men's M Diablo Down Jacket Jacket,,4.1
Mens Harrington Jackets Bomber jacket men Sports Smart Casual Spring jackets for Men UK Black Navy S M L XL 2XL,19.40,4.4
THE NORTH FACE - Men's Resolve Jacket - Waterproof and Breathable Hiking Jacket,,4.4
TACVASEN Military Waterproof Men's Softshell Jacket Fleece Lining Camouflage Outdoor Coat,61.98,4.3
TACVASEN Men Shirt Jacket Hooded Lumberjack Jacket Quilted Fleece Hoodies Check Button Shirt,24.99,4.5
Regatta Men's Matt Jacket,,4.5
Helly Hansen Mens Crew Jacket,,4.4
JACK & JONES Mens Hero Puffer Jacket,,4.4
Helly Hansen Mens Jacket Dubliner,,4.6
R RUNVEL Men's Waterproof Fleece Jacket Windproof Outdoor Multi-Pockets Winter Coats,61.98,4.4
Columbia Men's Pike Lake Hooded Jacket Hooded Puffer Jacket,102.99,4.6
Amazon Essentials Men's Packable Lightweight Water-Resistant Puffer Jacket (Available in Big & Tall),36.00,4.3
Berghaus Mens Tephra Stretch Reflect Warm Water Repellent Jacket,,4.4
Berghaus Mens Vaskye Insulated Lightweight Hooded Hydroloft Jacket,110.00,4.6
